row_key,arm,comparison,original_numerator,original_value,corrected_numerator,corrected_value,absolute_delta,denominator,frozen aggregate characterization,source version
EV03-mrr,EV03,mrr,44.66596703438809,0.04229731726741296,44.66596703438809,0.04229731726741296,0.0,1056,ZERO_AGGREGATE_CHANGE,1fa1aed2584c5612bbc5be16173e93d80c2dd92e
EV03-top_1,EV03,top_1,29,0.027462121212121212,29,0.027462121212121212,0.0,1056,ZERO_AGGREGATE_CHANGE,1fa1aed2584c5612bbc5be16173e93d80c2dd92e
EV03-top_3,EV03,top_3,54,0.05113636363636364,54,0.05113636363636364,0.0,1056,ZERO_AGGREGATE_CHANGE,1fa1aed2584c5612bbc5be16173e93d80c2dd92e
EV03-top_5,EV03,top_5,65,0.061553030303030304,65,0.061553030303030304,0.0,1056,ZERO_AGGREGATE_CHANGE,1fa1aed2584c5612bbc5be16173e93d80c2dd92e
EV03-top_10,EV03,top_10,69,0.06534090909090909,69,0.06534090909090909,0.0,1056,ZERO_AGGREGATE_CHANGE,1fa1aed2584c5612bbc5be16173e93d80c2dd92e
EV03-top_50,EV03,top_50,74,0.07007575757575757,74,0.07007575757575757,0.0,1056,ZERO_AGGREGATE_CHANGE,1fa1aed2584c5612bbc5be16173e93d80c2dd92e
EV03-recall_at_50,EV03,recall_at_50,74,0.07007575757575757,74,0.07007575757575757,0.0,1056,ZERO_AGGREGATE_CHANGE,1fa1aed2584c5612bbc5be16173e93d80c2dd92e
EV03-recall_at_100,EV03,recall_at_100,75,0.07102272727272728,75,0.07102272727272728,0.0,1056,ZERO_AGGREGATE_CHANGE,1fa1aed2584c5612bbc5be16173e93d80c2dd92e
EV03-partida_at_10,EV03,partida_at_10,104,0.09848484848484848,104,0.09848484848484848,0.0,1056,ZERO_AGGREGATE_CHANGE,1fa1aed2584c5612bbc5be16173e93d80c2dd92e
EV03-sub_partida_at_10,EV03,sub_partida_at_10,76,0.07196969696969698,76,0.07196969696969698,0.0,1056,ZERO_AGGREGATE_CHANGE,1fa1aed2584c5612bbc5be16173e93d80c2dd92e
EV03-clase_at_10,EV03,clase_at_10,420,0.3977272727272727,420,0.3977272727272727,0.0,1056,ZERO_AGGREGATE_CHANGE,1fa1aed2584c5612bbc5be16173e93d80c2dd92e
EV03-partida_at_50,EV03,partida_at_50,185,0.17518939393939395,185,0.17518939393939395,0.0,1056,ZERO_AGGREGATE_CHANGE,1fa1aed2584c5612bbc5be16173e93d80c2dd92e
EV03-sub_partida_at_50,EV03,sub_partida_at_50,89,0.08428030303030302,89,0.08428030303030302,0.0,1056,ZERO_AGGREGATE_CHANGE,1fa1aed2584c5612bbc5be16173e93d80c2dd92e
EV03-clase_at_50,EV03,clase_at_50,770,0.7291666666666666,770,0.7291666666666666,0.0,1056,ZERO_AGGREGATE_CHANGE,1fa1aed2584c5612bbc5be16173e93d80c2dd92e
EV03-partida_at_100,EV03,partida_at_100,220,0.20833333333333334,220,0.20833333333333334,0.0,1056,ZERO_AGGREGATE_CHANGE,1fa1aed2584c5612bbc5be16173e93d80c2dd92e
EV03-sub_partida_at_100,EV03,sub_partida_at_100,99,0.09375,99,0.09375,0.0,1056,ZERO_AGGREGATE_CHANGE,1fa1aed2584c5612bbc5be16173e93d80c2dd92e
EV03-clase_at_100,EV03,clase_at_100,806,0.7632575757575758,806,0.7632575757575758,0.0,1056,ZERO_AGGREGATE_CHANGE,1fa1aed2584c5612bbc5be16173e93d80c2dd92e
EV04-mrr_at_100,EV04,mrr_at_100,44.33224687474575,0.04198129438896378,44.32220308711575,0.041971783226435376,-0.000009511162528404171,1056,TINY_NONZERO_MRR_DECREASE_ONLY,3bf28c036b0a0af5dd54d88c3b0050c60365b7f1
EV04-mrr_at_200,EV04,mrr_at_200,45.76874185264425,0.04334161160288281,45.75869806501425,0.043332100440354404,-0.000009511162528404171,1056,TINY_NONZERO_MRR_DECREASE_ONLY,3bf28c036b0a0af5dd54d88c3b0050c60365b7f1
EV04-mrr_101_200_contribution,EV04,mrr_101_200_contribution,1.4364949778985006,0.0013603172139190346,1.4364949778985006,0.0013603172139190346,0.0,1056,TINY_NONZERO_MRR_DECREASE_ONLY,3bf28c036b0a0af5dd54d88c3b0050c60365b7f1
EV04-top_1,EV04,top_1,28,0.026515151515151516,28,0.026515151515151516,0.0,1056,TINY_NONZERO_MRR_DECREASE_ONLY,3bf28c036b0a0af5dd54d88c3b0050c60365b7f1
EV04-top_3,EV04,top_3,55,0.052083333333333336,55,0.052083333333333336,0.0,1056,TINY_NONZERO_MRR_DECREASE_ONLY,3bf28c036b0a0af5dd54d88c3b0050c60365b7f1
EV04-top_5,EV04,top_5,66,0.0625,66,0.0625,0.0,1056,TINY_NONZERO_MRR_DECREASE_ONLY,3bf28c036b0a0af5dd54d88c3b0050c60365b7f1
EV04-top_10,EV04,top_10,69,0.06534090909090909,69,0.06534090909090909,0.0,1056,TINY_NONZERO_MRR_DECREASE_ONLY,3bf28c036b0a0af5dd54d88c3b0050c60365b7f1
EV04-top_50,EV04,top_50,96,0.09090909090909091,96,0.09090909090909091,0.0,1056,TINY_NONZERO_MRR_DECREASE_ONLY,3bf28c036b0a0af5dd54d88c3b0050c60365b7f1
EV04-recall_at_50,EV04,recall_at_50,96,0.09090909090909091,96,0.09090909090909091,0.0,1056,TINY_NONZERO_MRR_DECREASE_ONLY,3bf28c036b0a0af5dd54d88c3b0050c60365b7f1
EV04-recall_at_100,EV04,recall_at_100,107,0.10132575757575757,107,0.10132575757575757,0.0,1056,TINY_NONZERO_MRR_DECREASE_ONLY,3bf28c036b0a0af5dd54d88c3b0050c60365b7f1
EV04-recall_at_200,EV04,recall_at_200,321,0.3039772727272727,321,0.3039772727272727,0.0,1056,TINY_NONZERO_MRR_DECREASE_ONLY,3bf28c036b0a0af5dd54d88c3b0050c60365b7f1
EV04-pool_recall_at_200,EV04,pool_recall_at_200,321,0.3039772727272727,321,0.3039772727272727,0.0,1056,TINY_NONZERO_MRR_DECREASE_ONLY,3bf28c036b0a0af5dd54d88c3b0050c60365b7f1
EV04-exact_at_10,EV04,exact_at_10,69,0.06534090909090909,69,0.06534090909090909,0.0,1056,TINY_NONZERO_MRR_DECREASE_ONLY,3bf28c036b0a0af5dd54d88c3b0050c60365b7f1
EV04-hs6_at_10,EV04,hs6_at_10,75,0.07102272727272728,75,0.07102272727272728,0.0,1056,TINY_NONZERO_MRR_DECREASE_ONLY,3bf28c036b0a0af5dd54d88c3b0050c60365b7f1
EV04-hs4_at_10,EV04,hs4_at_10,100,0.0946969696969697,100,0.0946969696969697,0.0,1056,TINY_NONZERO_MRR_DECREASE_ONLY,3bf28c036b0a0af5dd54d88c3b0050c60365b7f1
EV04-chapter_at_10,EV04,chapter_at_10,236,0.22348484848484848,236,0.22348484848484848,0.0,1056,TINY_NONZERO_MRR_DECREASE_ONLY,3bf28c036b0a0af5dd54d88c3b0050c60365b7f1
EV04-exact_at_50,EV04,exact_at_50,96,0.09090909090909091,96,0.09090909090909091,0.0,1056,TINY_NONZERO_MRR_DECREASE_ONLY,3bf28c036b0a0af5dd54d88c3b0050c60365b7f1
EV04-hs6_at_50,EV04,hs6_at_50,106,0.10037878787878787,106,0.10037878787878787,0.0,1056,TINY_NONZERO_MRR_DECREASE_ONLY,3bf28c036b0a0af5dd54d88c3b0050c60365b7f1
EV04-hs4_at_50,EV04,hs4_at_50,192,0.18181818181818182,192,0.18181818181818182,0.0,1056,TINY_NONZERO_MRR_DECREASE_ONLY,3bf28c036b0a0af5dd54d88c3b0050c60365b7f1
EV04-chapter_at_50,EV04,chapter_at_50,399,0.3778409090909091,399,0.3778409090909091,0.0,1056,TINY_NONZERO_MRR_DECREASE_ONLY,3bf28c036b0a0af5dd54d88c3b0050c60365b7f1
EV04-exact_at_100,EV04,exact_at_100,107,0.10132575757575757,107,0.10132575757575757,0.0,1056,TINY_NONZERO_MRR_DECREASE_ONLY,3bf28c036b0a0af5dd54d88c3b0050c60365b7f1
EV04-hs6_at_100,EV04,hs6_at_100,118,0.11174242424242424,118,0.11174242424242424,0.0,1056,TINY_NONZERO_MRR_DECREASE_ONLY,3bf28c036b0a0af5dd54d88c3b0050c60365b7f1
EV04-hs4_at_100,EV04,hs4_at_100,264,0.25,264,0.25,0.0,1056,TINY_NONZERO_MRR_DECREASE_ONLY,3bf28c036b0a0af5dd54d88c3b0050c60365b7f1
EV04-chapter_at_100,EV04,chapter_at_100,538,0.509469696969697,538,0.509469696969697,0.0,1056,TINY_NONZERO_MRR_DECREASE_ONLY,3bf28c036b0a0af5dd54d88c3b0050c60365b7f1
EV04-exact_at_200,EV04,exact_at_200,321,0.3039772727272727,321,0.3039772727272727,0.0,1056,TINY_NONZERO_MRR_DECREASE_ONLY,3bf28c036b0a0af5dd54d88c3b0050c60365b7f1
EV04-hs6_at_200,EV04,hs6_at_200,363,0.34375,363,0.34375,0.0,1056,TINY_NONZERO_MRR_DECREASE_ONLY,3bf28c036b0a0af5dd54d88c3b0050c60365b7f1
EV04-hs4_at_200,EV04,hs4_at_200,529,0.5009469696969697,529,0.5009469696969697,0.0,1056,TINY_NONZERO_MRR_DECREASE_ONLY,3bf28c036b0a0af5dd54d88c3b0050c60365b7f1
EV04-chapter_at_200,EV04,chapter_at_200,810,0.7670454545454546,810,0.7670454545454546,0.0,1056,TINY_NONZERO_MRR_DECREASE_ONLY,3bf28c036b0a0af5dd54d88c3b0050c60365b7f1
D1a-Top@1,D1a,Top@1,0,0.0,1,0.000946969696969697,0.000946969696969697,1056,POSITIVE_NONZERO_EXACT_RANKING_CHANGE_WITH_MINOR_HS4_MIXED_EFFECT,6a26777395630722a18bca7826b7df96613ea4ea
D1a-Top@3,D1a,Top@3,4,0.003787878787878788,11,0.010416666666666666,0.006628787878787878,1056,POSITIVE_NONZERO_EXACT_RANKING_CHANGE_WITH_MINOR_HS4_MIXED_EFFECT,6a26777395630722a18bca7826b7df96613ea4ea
D1a-Top@5,D1a,Top@5,36,0.03409090909090909,54,0.05113636363636364,0.01704545454545455,1056,POSITIVE_NONZERO_EXACT_RANKING_CHANGE_WITH_MINOR_HS4_MIXED_EFFECT,6a26777395630722a18bca7826b7df96613ea4ea
D1a-Top@10,D1a,Top@10,165,0.15625,188,0.17803030303030304,0.02178030303030304,1056,POSITIVE_NONZERO_EXACT_RANKING_CHANGE_WITH_MINOR_HS4_MIXED_EFFECT,6a26777395630722a18bca7826b7df96613ea4ea
D1a-Top@50,D1a,Top@50,323,0.3058712121212121,331,0.3134469696969697,0.0075757575757576245,1056,POSITIVE_NONZERO_EXACT_RANKING_CHANGE_WITH_MINOR_HS4_MIXED_EFFECT,6a26777395630722a18bca7826b7df96613ea4ea
D1a-Recall@100,D1a,Recall@100,365,0.3456439393939394,365,0.3456439393939394,0.0,1056,POSITIVE_NONZERO_EXACT_RANKING_CHANGE_WITH_MINOR_HS4_MIXED_EFFECT,6a26777395630722a18bca7826b7df96613ea4ea
D1a-Recall@200,D1a,Recall@200,383,0.3626893939393939,384,0.36363636363636365,0.0009469696969697239,1056,POSITIVE_NONZERO_EXACT_RANKING_CHANGE_WITH_MINOR_HS4_MIXED_EFFECT,6a26777395630722a18bca7826b7df96613ea4ea
D1a-MRR@100,D1a,MRR@100,34.240088668205736,0.03242432639034634,40.22001955684377,0.038087139731859634,0.0056628133415132925,1056,POSITIVE_NONZERO_EXACT_RANKING_CHANGE_WITH_MINOR_HS4_MIXED_EFFECT,6a26777395630722a18bca7826b7df96613ea4ea
D1a-MRR@200,D1a,MRR@200,34.37125272378151,0.03254853477630825,40.35734344838877,0.038217181295822696,0.005668646519514445,1056,POSITIVE_NONZERO_EXACT_RANKING_CHANGE_WITH_MINOR_HS4_MIXED_EFFECT,6a26777395630722a18bca7826b7df96613ea4ea
D1a-Exact@100,D1a,Exact@100,365,0.3456439393939394,365,0.3456439393939394,0.0,1056,POSITIVE_NONZERO_EXACT_RANKING_CHANGE_WITH_MINOR_HS4_MIXED_EFFECT,6a26777395630722a18bca7826b7df96613ea4ea
D1a-Exact@200,D1a,Exact@200,383,0.3626893939393939,384,0.36363636363636365,0.0009469696969697239,1056,POSITIVE_NONZERO_EXACT_RANKING_CHANGE_WITH_MINOR_HS4_MIXED_EFFECT,6a26777395630722a18bca7826b7df96613ea4ea
D1a-HS6@100,D1a,HS6@100,386,0.36553030303030304,386,0.36553030303030304,0.0,1056,POSITIVE_NONZERO_EXACT_RANKING_CHANGE_WITH_MINOR_HS4_MIXED_EFFECT,6a26777395630722a18bca7826b7df96613ea4ea
D1a-HS6@200,D1a,HS6@200,410,0.38825757575757575,410,0.38825757575757575,0.0,1056,POSITIVE_NONZERO_EXACT_RANKING_CHANGE_WITH_MINOR_HS4_MIXED_EFFECT,6a26777395630722a18bca7826b7df96613ea4ea
D1a-HS4@100,D1a,HS4@100,922,0.8731060606060606,929,0.8797348484848485,0.006628787878787956,1056,POSITIVE_NONZERO_EXACT_RANKING_CHANGE_WITH_MINOR_HS4_MIXED_EFFECT,6a26777395630722a18bca7826b7df96613ea4ea
D1a-HS4@200,D1a,HS4@200,1018,0.9640151515151515,1017,0.9630681818181818,-0.0009469696969697239,1056,POSITIVE_NONZERO_EXACT_RANKING_CHANGE_WITH_MINOR_HS4_MIXED_EFFECT,6a26777395630722a18bca7826b7df96613ea4ea
D1a-Chapter@100,D1a,Chapter@100,1035,0.9801136363636364,1035,0.9801136363636364,0.0,1056,POSITIVE_NONZERO_EXACT_RANKING_CHANGE_WITH_MINOR_HS4_MIXED_EFFECT,6a26777395630722a18bca7826b7df96613ea4ea
D1a-Chapter@200,D1a,Chapter@200,1056,1.0,1056,1.0,0.0,1056,POSITIVE_NONZERO_EXACT_RANKING_CHANGE_WITH_MINOR_HS4_MIXED_EFFECT,6a26777395630722a18bca7826b7df96613ea4ea
