split,rank,DECLARACION,series,pct_split,cum_pct
historico,1,118-2026-10-128583-00,1045,35.42372881355932,35.42372881355932
historico,2,118-2026-10-146957-00,940,31.864406779661014,67.28813559322035
historico,3,118-2026-10-046174-00,158,5.3559322033898304,72.64406779661017
historico,4,118-2026-10-106393-00,149,5.0508474576271185,77.69491525423729
historico,5,118-2026-10-113456-00,75,2.5423728813559325,80.23728813559322
historico,6,118-2026-10-116515-00,67,2.271186440677966,82.50847457627118
historico,7,118-2026-10-119237-00,61,2.0677966101694913,84.57627118644068
historico,8,118-2026-10-002710-00,58,1.966101694915254,86.54237288135593
historico,9,118-2026-10-008011-00,52,1.7627118644067796,88.30508474576271
historico,10,118-2026-10-096423-00,49,1.6610169491525422,89.96610169491525
historico,11,118-2026-10-032668-00,46,1.5593220338983051,91.52542372881356
historico,12,118-2026-10-006732-00,46,1.5593220338983051,93.08474576271186
historico,13,118-2026-10-002590-00,44,1.4915254237288136,94.57627118644068
historico,14,118-2026-10-115368-00,37,1.2542372881355932,95.83050847457628
historico,15,118-2026-10-010497-00,24,0.8135593220338984,96.64406779661017
historico,16,118-2026-10-050585-00,23,0.7796610169491526,97.42372881355932
historico,17,118-2026-10-032318-00,22,0.7457627118644068,98.16949152542372
historico,18,118-2026-10-032394-00,19,0.6440677966101694,98.8135593220339
historico,19,118-2026-10-117220-00,16,0.5423728813559322,99.35593220338983
historico,20,118-2026-10-011206-00,11,0.3728813559322034,99.72881355932203
historico,21,118-2026-10-016902-00,1,0.03389830508474576,99.76271186440678
historico,22,118-2026-10-007407-00,1,0.03389830508474576,99.79661016949153
historico,23,118-2026-10-090864-00,1,0.03389830508474576,99.83050847457628
historico,24,118-2026-10-087382-00,1,0.03389830508474576,99.86440677966102
historico,25,118-2026-10-047354-00,1,0.03389830508474576,99.89830508474576
historico,26,118-2026-10-048311-00,1,0.03389830508474576,99.9322033898305
historico,27,118-2026-10-073097-00,1,0.03389830508474576,99.96610169491525
historico,28,118-2026-10-069870-00,1,0.03389830508474576,100.0
desarrollo,1,118-2026-10-050656-00,91,91.0,91.0
desarrollo,2,118-2026-10-002384-00,3,3.0,94.0
desarrollo,3,118-2026-10-013935-00,3,3.0,97.0
desarrollo,4,118-2026-10-000960-00,1,1.0,98.0
desarrollo,5,118-2026-10-003526-00,1,1.0,99.0
desarrollo,6,118-2026-10-003519-00,1,1.0,100.0
evaluacion,1,118-2026-10-147973-00,149,14.109848484848486,14.109848484848486
evaluacion,2,118-2026-10-046923-00,128,12.121212121212121,26.23106060606061
evaluacion,3,118-2026-10-032097-00,64,6.0606060606060606,32.29166666666667
evaluacion,4,118-2026-10-004975-00,60,5.681818181818182,37.97348484848485
evaluacion,5,118-2026-10-144002-00,59,5.587121212121212,43.56060606060606
evaluacion,6,118-2026-10-021719-00,58,5.492424242424242,49.053030303030305
evaluacion,7,118-2026-10-038926-00,52,4.924242424242424,53.97727272727273
evaluacion,8,118-2026-10-138517-00,48,4.545454545454546,58.52272727272727
evaluacion,9,118-2026-10-017375-00,44,4.166666666666666,62.689393939393945
evaluacion,10,118-2026-10-032693-00,42,3.977272727272727,66.66666666666666
evaluacion,11,118-2026-10-008922-00,41,3.882575757575758,70.54924242424242
evaluacion,12,118-2026-10-036105-00,33,3.125,73.67424242424242
evaluacion,13,118-2026-10-128946-00,32,3.0303030303030303,76.70454545454545
evaluacion,14,118-2026-10-120519-00,30,2.840909090909091,79.54545454545455
evaluacion,15,118-2026-10-027907-00,30,2.840909090909091,82.38636363636364
evaluacion,16,118-2026-10-144736-00,21,1.9886363636363635,84.375
evaluacion,17,118-2026-10-113253-00,19,1.7992424242424243,86.17424242424242
evaluacion,18,118-2026-10-038080-00,18,1.7045454545454544,87.87878787878788
evaluacion,19,118-2026-10-051468-00,17,1.6098484848484849,89.48863636363636
evaluacion,20,118-2026-10-025850-00,14,1.3257575757575757,90.81439393939394
evaluacion,21,118-2026-10-048010-00,12,1.1363636363636365,91.95075757575758
evaluacion,22,118-2026-10-048459-00,12,1.1363636363636365,93.08712121212122
evaluacion,23,118-2026-10-017029-00,10,0.946969696969697,94.0340909090909
evaluacion,24,118-2026-10-027647-00,8,0.7575757575757576,94.79166666666666
evaluacion,25,118-2026-10-133527-00,6,0.5681818181818182,95.35984848484848
evaluacion,26,118-2026-10-016753-00,4,0.3787878787878788,95.73863636363636
evaluacion,27,118-2026-10-133041-00,3,0.2840909090909091,96.02272727272727
evaluacion,28,118-2026-10-039752-00,2,0.1893939393939394,96.21212121212122
evaluacion,29,118-2026-10-016934-00,2,0.1893939393939394,96.40151515151516
evaluacion,30,118-2026-10-000136-00,1,0.0946969696969697,96.49621212121212
evaluacion,31,118-2026-10-001133-00,1,0.0946969696969697,96.5909090909091
evaluacion,32,118-2026-10-001566-00,1,0.0946969696969697,96.68560606060606
evaluacion,33,118-2026-10-020425-00,1,0.0946969696969697,96.78030303030303
evaluacion,34,118-2026-10-019925-00,1,0.0946969696969697,96.875
evaluacion,35,118-2026-10-019989-00,1,0.0946969696969697,96.96969696969697
evaluacion,36,118-2026-10-042754-00,1,0.0946969696969697,97.06439393939394
evaluacion,37,118-2026-10-042140-00,1,0.0946969696969697,97.1590909090909
evaluacion,38,118-2026-10-033870-00,1,0.0946969696969697,97.25378787878788
evaluacion,39,118-2026-10-031666-00,1,0.0946969696969697,97.34848484848484
evaluacion,40,118-2026-10-028002-00,1,0.0946969696969697,97.44318181818183
evaluacion,41,118-2026-10-028016-00,1,0.0946969696969697,97.53787878787878
evaluacion,42,118-2026-10-029955-00,1,0.0946969696969697,97.63257575757575
evaluacion,43,118-2026-10-001787-00,1,0.0946969696969697,97.72727272727273
evaluacion,44,118-2026-10-010823-00,1,0.0946969696969697,97.8219696969697
evaluacion,45,118-2026-10-009478-00,1,0.0946969696969697,97.91666666666666
evaluacion,46,118-2026-10-019265-00,1,0.0946969696969697,98.01136363636364
evaluacion,47,118-2026-10-017759-00,1,0.0946969696969697,98.10606060606061
evaluacion,48,118-2026-10-019844-00,1,0.0946969696969697,98.20075757575758
evaluacion,49,118-2026-10-052270-00,1,0.0946969696969697,98.29545454545455
evaluacion,50,118-2026-10-052357-00,1,0.0946969696969697,98.39015151515152
evaluacion,51,118-2026-10-052329-00,1,0.0946969696969697,98.48484848484848
evaluacion,52,118-2026-10-077064-00,1,0.0946969696969697,98.57954545454545
evaluacion,53,118-2026-10-076761-00,1,0.0946969696969697,98.67424242424242
evaluacion,54,118-2026-10-072568-00,1,0.0946969696969697,98.76893939393939
evaluacion,55,118-2026-10-070945-00,1,0.0946969696969697,98.86363636363636
evaluacion,56,118-2026-10-069662-00,1,0.0946969696969697,98.95833333333334
evaluacion,57,118-2026-10-064541-00,1,0.0946969696969697,99.0530303030303
evaluacion,58,118-2026-10-064520-00,1,0.0946969696969697,99.14772727272727
evaluacion,59,118-2026-10-054732-00,1,0.0946969696969697,99.24242424242425
evaluacion,60,118-2026-10-053436-00,1,0.0946969696969697,99.33712121212122
evaluacion,61,118-2026-10-108366-00,1,0.0946969696969697,99.43181818181817
evaluacion,62,118-2026-10-092277-00,1,0.0946969696969697,99.52651515151516
evaluacion,63,118-2026-10-105380-00,1,0.0946969696969697,99.62121212121212
evaluacion,64,118-2026-10-080008-00,1,0.0946969696969697,99.7159090909091
evaluacion,65,118-2026-10-087957-00,1,0.0946969696969697,99.81060606060606
evaluacion,66,118-2026-10-077797-00,1,0.0946969696969697,99.90530303030303
evaluacion,67,118-2026-10-088233-00,1,0.0946969696969697,100.0
