result_id,hypothesis_component,evidence_family_id,role,comparison_id,metric_name,estimand,expected_direction,analysis_unit,dependency_group,n_series,n_dam,point_estimate,point_estimate_percentage_points,value_unit,bootstrap_type,bootstrap_B,bootstrap_seed,ci_method,ci_level,ci_lower,ci_upper,multiplicity_method,multiplicity_family,hypothesis_decision_role,source_registry_row_ids,source_case_level_paths,scope,limitations
G3F03-0001,HE2_A,HE2_A_HISTORICAL_VS_NORMATIVE_FLAT_ATTEMPT06,PRIMARY_INFERENTIAL,HISTORICAL_MINUS_FLAT,Top-1,series-weighted mean paired historical-minus-flat contribution,greater_than_zero,SERIE,DAM / DECLARACIÓN,1056,67,0.48200757575757575,48.20075757575758,absolute_proportion_difference,PAIRED_DAM_CLUSTER_PERCENTILE,10000,20263001,TWO_SIDED_PERCENTILE_LINEAR_QUANTILES,0.99,0.3294468432754924,0.6313318202387002,BONFERRONI_FAMILYWISE_95_VIA_99_PERCENT_MARGINAL_CI,HE2_A_HISTORICAL_VS_NORMATIVE_FLAT_ATTEMPT06_PRIMARY_FIVE_METRIC_FAMILY,DEFERRED_TO_G3_F04,G3F02-0001;G3F02-0002,outputs/evaluation/historical_retrieval_data_aduanas_clase87_v0.2/historical_case_summary.csv;outputs/evaluation/normative_bm25_flat_corrective_decision906_v0.5/normative_flat_case_summary.csv,CAPITULO_87 / OFFLINE / INTERNAL_EVALUATION,internal fixed Chapter 87 benchmark; cluster-resampling uncertainty only
G3F03-0002,HE2_A,HE2_A_HISTORICAL_VS_NORMATIVE_FLAT_ATTEMPT06,PRIMARY_INFERENTIAL,HISTORICAL_MINUS_FLAT,Top-3,series-weighted mean paired historical-minus-flat contribution,greater_than_zero,SERIE,DAM / DECLARACIÓN,1056,67,0.6202651515151515,62.02651515151515,absolute_proportion_difference,PAIRED_DAM_CLUSTER_PERCENTILE,10000,20263001,TWO_SIDED_PERCENTILE_LINEAR_QUANTILES,0.99,0.4897739082938048,0.7575059408229955,BONFERRONI_FAMILYWISE_95_VIA_99_PERCENT_MARGINAL_CI,HE2_A_HISTORICAL_VS_NORMATIVE_FLAT_ATTEMPT06_PRIMARY_FIVE_METRIC_FAMILY,DEFERRED_TO_G3_F04,G3F02-0003;G3F02-0004,outputs/evaluation/historical_retrieval_data_aduanas_clase87_v0.2/historical_case_summary.csv;outputs/evaluation/normative_bm25_flat_corrective_decision906_v0.5/normative_flat_case_summary.csv,CAPITULO_87 / OFFLINE / INTERNAL_EVALUATION,internal fixed Chapter 87 benchmark; cluster-resampling uncertainty only
G3F03-0003,HE2_A,HE2_A_HISTORICAL_VS_NORMATIVE_FLAT_ATTEMPT06,PRIMARY_INFERENTIAL,HISTORICAL_MINUS_FLAT,Top-5,series-weighted mean paired historical-minus-flat contribution,greater_than_zero,SERIE,DAM / DECLARACIÓN,1056,67,0.7017045454545454,70.17045454545455,absolute_proportion_difference,PAIRED_DAM_CLUSTER_PERCENTILE,10000,20263001,TWO_SIDED_PERCENTILE_LINEAR_QUANTILES,0.99,0.5826075839920948,0.8179633837631779,BONFERRONI_FAMILYWISE_95_VIA_99_PERCENT_MARGINAL_CI,HE2_A_HISTORICAL_VS_NORMATIVE_FLAT_ATTEMPT06_PRIMARY_FIVE_METRIC_FAMILY,DEFERRED_TO_G3_F04,G3F02-0005;G3F02-0006,outputs/evaluation/historical_retrieval_data_aduanas_clase87_v0.2/historical_case_summary.csv;outputs/evaluation/normative_bm25_flat_corrective_decision906_v0.5/normative_flat_case_summary.csv,CAPITULO_87 / OFFLINE / INTERNAL_EVALUATION,internal fixed Chapter 87 benchmark; cluster-resampling uncertainty only
G3F03-0004,HE2_A,HE2_A_HISTORICAL_VS_NORMATIVE_FLAT_ATTEMPT06,PRIMARY_INFERENTIAL,HISTORICAL_MINUS_FLAT,Top-10,series-weighted mean paired historical-minus-flat contribution,greater_than_zero,SERIE,DAM / DECLARACIÓN,1056,67,0.8257575757575758,82.57575757575758,absolute_proportion_difference,PAIRED_DAM_CLUSTER_PERCENTILE,10000,20263001,TWO_SIDED_PERCENTILE_LINEAR_QUANTILES,0.99,0.7371599425592884,0.8960511280511279,BONFERRONI_FAMILYWISE_95_VIA_99_PERCENT_MARGINAL_CI,HE2_A_HISTORICAL_VS_NORMATIVE_FLAT_ATTEMPT06_PRIMARY_FIVE_METRIC_FAMILY,DEFERRED_TO_G3_F04,G3F02-0007;G3F02-0008,outputs/evaluation/historical_retrieval_data_aduanas_clase87_v0.2/historical_case_summary.csv;outputs/evaluation/normative_bm25_flat_corrective_decision906_v0.5/normative_flat_case_summary.csv,CAPITULO_87 / OFFLINE / INTERNAL_EVALUATION,internal fixed Chapter 87 benchmark; cluster-resampling uncertainty only
G3F03-0005,HE2_A,HE2_A_HISTORICAL_VS_NORMATIVE_FLAT_ATTEMPT06,PRIMARY_INFERENTIAL,HISTORICAL_MINUS_FLAT,MRR@100,series-weighted mean paired historical-minus-flat contribution,greater_than_zero,SERIE,DAM / DECLARACIÓN,1056,67,0.5874104320850713,,mean_reciprocal_rank_difference,PAIRED_DAM_CLUSTER_PERCENTILE,10000,20263001,TWO_SIDED_PERCENTILE_LINEAR_QUANTILES,0.99,0.4636263128057276,0.7120413939150084,BONFERRONI_FAMILYWISE_95_VIA_99_PERCENT_MARGINAL_CI,HE2_A_HISTORICAL_VS_NORMATIVE_FLAT_ATTEMPT06_PRIMARY_FIVE_METRIC_FAMILY,DEFERRED_TO_G3_F04,G3F02-0009;G3F02-0010,outputs/evaluation/historical_retrieval_data_aduanas_clase87_v0.2/historical_case_summary.csv;outputs/evaluation/normative_bm25_flat_corrective_decision906_v0.5/normative_flat_case_summary.csv,CAPITULO_87 / OFFLINE / INTERNAL_EVALUATION,internal fixed Chapter 87 benchmark; cluster-resampling uncertainty only
G3F03-0006,HE2_A,HE2_A_HISTORICAL_VS_NORMATIVE_HIERARCHICAL_ATTEMPT06,PRIMARY_INFERENTIAL,HISTORICAL_MINUS_HIERARCHICAL,Top-1,series-weighted mean paired historical-minus-hierarchical contribution,greater_than_zero,SERIE,DAM / DECLARACIÓN,1056,67,0.48295454545454547,48.29545454545455,absolute_proportion_difference,PAIRED_DAM_CLUSTER_PERCENTILE,10000,20263001,TWO_SIDED_PERCENTILE_LINEAR_QUANTILES,0.99,0.3304194457866509,0.6308222377115758,BONFERRONI_FAMILYWISE_95_VIA_99_PERCENT_MARGINAL_CI,HE2_A_HISTORICAL_VS_NORMATIVE_HIERARCHICAL_ATTEMPT06_PRIMARY_FIVE_METRIC_FAMILY,DEFERRED_TO_G3_F04,G3F02-0013;G3F02-0014,outputs/evaluation/historical_retrieval_data_aduanas_clase87_v0.2/historical_case_summary.csv;outputs/evaluation/normative_bm25_hierarchical_corrective_decision906_v0.5/normative_hierarchical_case_summary.csv,CAPITULO_87 / OFFLINE / INTERNAL_EVALUATION,internal fixed Chapter 87 benchmark; cluster-resampling uncertainty only
G3F03-0007,HE2_A,HE2_A_HISTORICAL_VS_NORMATIVE_HIERARCHICAL_ATTEMPT06,PRIMARY_INFERENTIAL,HISTORICAL_MINUS_HIERARCHICAL,Top-3,series-weighted mean paired historical-minus-hierarchical contribution,greater_than_zero,SERIE,DAM / DECLARACIÓN,1056,67,0.6193181818181818,61.93181818181818,absolute_proportion_difference,PAIRED_DAM_CLUSTER_PERCENTILE,10000,20263001,TWO_SIDED_PERCENTILE_LINEAR_QUANTILES,0.99,0.48549190547352417,0.7570283570093408,BONFERRONI_FAMILYWISE_95_VIA_99_PERCENT_MARGINAL_CI,HE2_A_HISTORICAL_VS_NORMATIVE_HIERARCHICAL_ATTEMPT06_PRIMARY_FIVE_METRIC_FAMILY,DEFERRED_TO_G3_F04,G3F02-0015;G3F02-0016,outputs/evaluation/historical_retrieval_data_aduanas_clase87_v0.2/historical_case_summary.csv;outputs/evaluation/normative_bm25_hierarchical_corrective_decision906_v0.5/normative_hierarchical_case_summary.csv,CAPITULO_87 / OFFLINE / INTERNAL_EVALUATION,internal fixed Chapter 87 benchmark; cluster-resampling uncertainty only
G3F03-0008,HE2_A,HE2_A_HISTORICAL_VS_NORMATIVE_HIERARCHICAL_ATTEMPT06,PRIMARY_INFERENTIAL,HISTORICAL_MINUS_HIERARCHICAL,Top-5,series-weighted mean paired historical-minus-hierarchical contribution,greater_than_zero,SERIE,DAM / DECLARACIÓN,1056,67,0.7007575757575758,70.07575757575758,absolute_proportion_difference,PAIRED_DAM_CLUSTER_PERCENTILE,10000,20263001,TWO_SIDED_PERCENTILE_LINEAR_QUANTILES,0.99,0.582403679370273,0.8170633881854532,BONFERRONI_FAMILYWISE_95_VIA_99_PERCENT_MARGINAL_CI,HE2_A_HISTORICAL_VS_NORMATIVE_HIERARCHICAL_ATTEMPT06_PRIMARY_FIVE_METRIC_FAMILY,DEFERRED_TO_G3_F04,G3F02-0017;G3F02-0018,outputs/evaluation/historical_retrieval_data_aduanas_clase87_v0.2/historical_case_summary.csv;outputs/evaluation/normative_bm25_hierarchical_corrective_decision906_v0.5/normative_hierarchical_case_summary.csv,CAPITULO_87 / OFFLINE / INTERNAL_EVALUATION,internal fixed Chapter 87 benchmark; cluster-resampling uncertainty only
G3F03-0009,HE2_A,HE2_A_HISTORICAL_VS_NORMATIVE_HIERARCHICAL_ATTEMPT06,PRIMARY_INFERENTIAL,HISTORICAL_MINUS_HIERARCHICAL,Top-10,series-weighted mean paired historical-minus-hierarchical contribution,greater_than_zero,SERIE,DAM / DECLARACIÓN,1056,67,0.8257575757575758,82.57575757575758,absolute_proportion_difference,PAIRED_DAM_CLUSTER_PERCENTILE,10000,20263001,TWO_SIDED_PERCENTILE_LINEAR_QUANTILES,0.99,0.7366134318353867,0.8949021633933183,BONFERRONI_FAMILYWISE_95_VIA_99_PERCENT_MARGINAL_CI,HE2_A_HISTORICAL_VS_NORMATIVE_HIERARCHICAL_ATTEMPT06_PRIMARY_FIVE_METRIC_FAMILY,DEFERRED_TO_G3_F04,G3F02-0019;G3F02-0020,outputs/evaluation/historical_retrieval_data_aduanas_clase87_v0.2/historical_case_summary.csv;outputs/evaluation/normative_bm25_hierarchical_corrective_decision906_v0.5/normative_hierarchical_case_summary.csv,CAPITULO_87 / OFFLINE / INTERNAL_EVALUATION,internal fixed Chapter 87 benchmark; cluster-resampling uncertainty only
G3F03-0010,HE2_A,HE2_A_HISTORICAL_VS_NORMATIVE_HIERARCHICAL_ATTEMPT06,PRIMARY_INFERENTIAL,HISTORICAL_MINUS_HIERARCHICAL,MRR@100,series-weighted mean paired historical-minus-hierarchical contribution,greater_than_zero,SERIE,DAM / DECLARACIÓN,1056,67,0.5877359661260488,,mean_reciprocal_rank_difference,PAIRED_DAM_CLUSTER_PERCENTILE,10000,20263001,TWO_SIDED_PERCENTILE_LINEAR_QUANTILES,0.99,0.46519960807980876,0.7120385347859284,BONFERRONI_FAMILYWISE_95_VIA_99_PERCENT_MARGINAL_CI,HE2_A_HISTORICAL_VS_NORMATIVE_HIERARCHICAL_ATTEMPT06_PRIMARY_FIVE_METRIC_FAMILY,DEFERRED_TO_G3_F04,G3F02-0021;G3F02-0022,outputs/evaluation/historical_retrieval_data_aduanas_clase87_v0.2/historical_case_summary.csv;outputs/evaluation/normative_bm25_hierarchical_corrective_decision906_v0.5/normative_hierarchical_case_summary.csv,CAPITULO_87 / OFFLINE / INTERNAL_EVALUATION,internal fixed Chapter 87 benchmark; cluster-resampling uncertainty only
G3F03-0011,HE2_A,HE2_A_HISTORICAL_VS_D1A_ATTEMPT06,PRIMARY_INFERENTIAL,HISTORICAL_MINUS_D1A,Top-1,series-weighted mean paired historical-minus-D1a contribution,greater_than_zero,SERIE,DAM / DECLARACIÓN,1056,67,0.5085227272727273,50.85227272727273,absolute_proportion_difference,PAIRED_DAM_CLUSTER_PERCENTILE,10000,20263001,TWO_SIDED_PERCENTILE_LINEAR_QUANTILES,0.99,0.36470230112770496,0.6534661440827626,BONFERRONI_FAMILYWISE_95_VIA_99_PERCENT_MARGINAL_CI,HE2_A_HISTORICAL_VS_D1A_ATTEMPT06_PRIMARY_FIVE_METRIC_FAMILY,DEFERRED_TO_G3_F04,G3F02-0025;G3F02-0026,outputs/evaluation/historical_retrieval_data_aduanas_clase87_v0.2/historical_case_summary.csv;outputs/evaluation/d1a_corrective_0b05c_v0.5/d1a_case_summary.csv,CAPITULO_87 / OFFLINE / INTERNAL_EVALUATION,internal fixed Chapter 87 benchmark; cluster-resampling uncertainty only
G3F03-0012,HE2_A,HE2_A_HISTORICAL_VS_D1A_ATTEMPT06,PRIMARY_INFERENTIAL,HISTORICAL_MINUS_D1A,Top-3,series-weighted mean paired historical-minus-D1a contribution,greater_than_zero,SERIE,DAM / DECLARACIÓN,1056,67,0.6609848484848485,66.09848484848484,absolute_proportion_difference,PAIRED_DAM_CLUSTER_PERCENTILE,10000,20263001,TWO_SIDED_PERCENTILE_LINEAR_QUANTILES,0.99,0.5413054932182491,0.7816098181559374,BONFERRONI_FAMILYWISE_95_VIA_99_PERCENT_MARGINAL_CI,HE2_A_HISTORICAL_VS_D1A_ATTEMPT06_PRIMARY_FIVE_METRIC_FAMILY,DEFERRED_TO_G3_F04,G3F02-0027;G3F02-0028,outputs/evaluation/historical_retrieval_data_aduanas_clase87_v0.2/historical_case_summary.csv;outputs/evaluation/d1a_corrective_0b05c_v0.5/d1a_case_summary.csv,CAPITULO_87 / OFFLINE / INTERNAL_EVALUATION,internal fixed Chapter 87 benchmark; cluster-resampling uncertainty only
G3F03-0013,HE2_A,HE2_A_HISTORICAL_VS_D1A_ATTEMPT06,PRIMARY_INFERENTIAL,HISTORICAL_MINUS_D1A,Top-5,series-weighted mean paired historical-minus-D1a contribution,greater_than_zero,SERIE,DAM / DECLARACIÓN,1056,67,0.7121212121212122,71.21212121212122,absolute_proportion_difference,PAIRED_DAM_CLUSTER_PERCENTILE,10000,20263001,TWO_SIDED_PERCENTILE_LINEAR_QUANTILES,0.99,0.590534358995813,0.832721912225224,BONFERRONI_FAMILYWISE_95_VIA_99_PERCENT_MARGINAL_CI,HE2_A_HISTORICAL_VS_D1A_ATTEMPT06_PRIMARY_FIVE_METRIC_FAMILY,DEFERRED_TO_G3_F04,G3F02-0029;G3F02-0030,outputs/evaluation/historical_retrieval_data_aduanas_clase87_v0.2/historical_case_summary.csv;outputs/evaluation/d1a_corrective_0b05c_v0.5/d1a_case_summary.csv,CAPITULO_87 / OFFLINE / INTERNAL_EVALUATION,internal fixed Chapter 87 benchmark; cluster-resampling uncertainty only
G3F03-0014,HE2_A,HE2_A_HISTORICAL_VS_D1A_ATTEMPT06,PRIMARY_INFERENTIAL,HISTORICAL_MINUS_D1A,Top-10,series-weighted mean paired historical-minus-D1a contribution,greater_than_zero,SERIE,DAM / DECLARACIÓN,1056,67,0.7130681818181818,71.30681818181817,absolute_proportion_difference,PAIRED_DAM_CLUSTER_PERCENTILE,10000,20263001,TWO_SIDED_PERCENTILE_LINEAR_QUANTILES,0.99,0.5495481330386991,0.8607334430830679,BONFERRONI_FAMILYWISE_95_VIA_99_PERCENT_MARGINAL_CI,HE2_A_HISTORICAL_VS_D1A_ATTEMPT06_PRIMARY_FIVE_METRIC_FAMILY,DEFERRED_TO_G3_F04,G3F02-0031;G3F02-0032,outputs/evaluation/historical_retrieval_data_aduanas_clase87_v0.2/historical_case_summary.csv;outputs/evaluation/d1a_corrective_0b05c_v0.5/d1a_case_summary.csv,CAPITULO_87 / OFFLINE / INTERNAL_EVALUATION,internal fixed Chapter 87 benchmark; cluster-resampling uncertainty only
G3F03-0015,HE2_A,HE2_A_HISTORICAL_VS_D1A_ATTEMPT06,PRIMARY_INFERENTIAL,HISTORICAL_MINUS_D1A,MRR@100,series-weighted mean paired historical-minus-D1a contribution,greater_than_zero,SERIE,DAM / DECLARACIÓN,1056,67,0.5916206096206248,,mean_reciprocal_rank_difference,PAIRED_DAM_CLUSTER_PERCENTILE,10000,20263001,TWO_SIDED_PERCENTILE_LINEAR_QUANTILES,0.99,0.48731077928400757,0.7060899067492691,BONFERRONI_FAMILYWISE_95_VIA_99_PERCENT_MARGINAL_CI,HE2_A_HISTORICAL_VS_D1A_ATTEMPT06_PRIMARY_FIVE_METRIC_FAMILY,DEFERRED_TO_G3_F04,G3F02-0033;G3F02-0034,outputs/evaluation/historical_retrieval_data_aduanas_clase87_v0.2/historical_case_summary.csv;outputs/evaluation/d1a_corrective_0b05c_v0.5/d1a_case_summary.csv,CAPITULO_87 / OFFLINE / INTERNAL_EVALUATION,internal fixed Chapter 87 benchmark; cluster-resampling uncertainty only
G3F03-0016,HE2_B,HE2_B_HIERARCHICAL_DEEP_COVERAGE_ATTEMPT06,PRIMARY_INFERENTIAL,HIERARCHICAL_RECALL_200_MINUS_100,Recall@200 - Recall@100,series-weighted mean paired hit_recall_200-minus-hit_recall_100 contribution,greater_than_zero,SERIE,DAM / DECLARACIÓN,1056,67,0.20265151515151514,20.265151515151516,absolute_proportion_difference,PAIRED_DAM_CLUSTER_PERCENTILE,10000,20263001,TWO_SIDED_PERCENTILE_LINEAR_QUANTILES,0.95,0.06676310583580614,0.34160130792395144,NONE_SINGLE_CONTRAST,HE2_B_SINGLE_DEEP_COVERAGE_CONTRAST,DEFERRED_TO_G3_F04,G3F02-0037;G3F02-0038,outputs/evaluation/normative_bm25_hierarchical_corrective_decision906_v0.5/normative_hierarchical_case_summary.csv,CAPITULO_87 / OFFLINE / INTERNAL_EVALUATION,deep coverage only; not an early-ranking contrast; internal fixed benchmark
G3F03-0017,HE2_A,HE2_A_HISTORICAL_VS_NORMATIVE_FLAT_ATTEMPT06,SUPPLEMENTARY,HISTORICAL_MINUS_FLAT,Top-50,series-weighted mean paired historical-minus-flat Top-50 contribution,greater_than_zero,SERIE,DAM / DECLARACIÓN,1056,67,0.9214015151515151,92.14015151515152,absolute_proportion_difference,PAIRED_DAM_CLUSTER_PERCENTILE,10000,20263001,TWO_SIDED_PERCENTILE_LINEAR_QUANTILES,0.95,0.8783780848615775,0.9583955810397965,NONE_SUPPLEMENTARY,NOT_INCLUDED_IN_PRIMARY_FIVE_METRIC_FAMILY,NONE,G3F02-0011;G3F02-0012,outputs/evaluation/historical_retrieval_data_aduanas_clase87_v0.2/historical_case_summary.csv;outputs/evaluation/normative_bm25_flat_corrective_decision906_v0.5/normative_flat_case_summary.csv,CAPITULO_87 / OFFLINE / INTERNAL_EVALUATION,supplementary only; no hypothesis-decision role; internal fixed benchmark
G3F03-0018,HE2_A,HE2_A_HISTORICAL_VS_NORMATIVE_HIERARCHICAL_ATTEMPT06,SUPPLEMENTARY,HISTORICAL_MINUS_HIERARCHICAL,Top-50,series-weighted mean paired historical-minus-hierarchical Top-50 contribution,greater_than_zero,SERIE,DAM / DECLARACIÓN,1056,67,0.9005681818181818,90.05681818181817,absolute_proportion_difference,PAIRED_DAM_CLUSTER_PERCENTILE,10000,20263001,TWO_SIDED_PERCENTILE_LINEAR_QUANTILES,0.95,0.8378684498826734,0.9465786305492851,NONE_SUPPLEMENTARY,NOT_INCLUDED_IN_PRIMARY_FIVE_METRIC_FAMILY,NONE,G3F02-0023;G3F02-0024,outputs/evaluation/historical_retrieval_data_aduanas_clase87_v0.2/historical_case_summary.csv;outputs/evaluation/normative_bm25_hierarchical_corrective_decision906_v0.5/normative_hierarchical_case_summary.csv,CAPITULO_87 / OFFLINE / INTERNAL_EVALUATION,supplementary only; no hypothesis-decision role; internal fixed benchmark
G3F03-0019,HE2_A,HE2_A_HISTORICAL_VS_D1A_ATTEMPT06,SUPPLEMENTARY,HISTORICAL_MINUS_D1A,Top-50,series-weighted mean paired historical-minus-D1a Top-50 contribution,greater_than_zero,SERIE,DAM / DECLARACIÓN,1056,67,0.678030303030303,67.8030303030303,absolute_proportion_difference,PAIRED_DAM_CLUSTER_PERCENTILE,10000,20263001,TWO_SIDED_PERCENTILE_LINEAR_QUANTILES,0.95,0.5413413376081234,0.8257797290802903,NONE_SUPPLEMENTARY,NOT_INCLUDED_IN_PRIMARY_FIVE_METRIC_FAMILY,NONE,G3F02-0035;G3F02-0036,outputs/evaluation/historical_retrieval_data_aduanas_clase87_v0.2/historical_case_summary.csv;outputs/evaluation/d1a_corrective_0b05c_v0.5/d1a_case_summary.csv,CAPITULO_87 / OFFLINE / INTERNAL_EVALUATION,supplementary only; no hypothesis-decision role; internal fixed benchmark
