path,size_bytes,sha256
data/interim/new_historical_gate_v0.1/new_historical_normalized_all.csv,19541716,f9f052f14b8dcb7623269bc1a3c2e2821ad45bbc267d3f408bb67b7ce71732a9
data/interim/new_historical_gate_v0.1/new_historical_curated.csv,7552564,8bb49e9d5fcc28dc4a7335ab737f937be999f1c4066d9c6bc8b01d85bee3b54f
data/interim/new_historical_gate_v0.1/new_historical_eligible.csv,7661163,a78e8c517d50f53fa0f8b95a6c94f841dda4c0e3e5cf28cc4c4fccc576c083a4
outputs/audits/new_historical_gate_v0.1/new_historical_exclusions.csv,19,a3ab12880ce02422f61fe98d1ec7256a19719c7f5751159d5020b58e8c5b0d96
outputs/audits/new_historical_gate_v0.1/new_historical_frozen_overlap_audit.csv,7661163,a78e8c517d50f53fa0f8b95a6c94f841dda4c0e3e5cf28cc4c4fccc576c083a4
outputs/audits/new_historical_gate_v0.1/new_historical_duplicate_nearduplicate_audit.csv,4865082,8359e69ed3da45148cb22638fe5923549b33ad5bc7c7054a60c15450c1513a4a
outputs/audits/new_historical_gate_v0.1/new_historical_ingestion_manifest.json,4142,3b555bbbadb23d33d574683db7a467d302c12a626a3a0832f46d3ee23be756ac
outputs/audits/new_historical_gate_v0.1/new_historical_artifact_hashes.csv,1641,f372f76ddfa70948d290ab823c2ef70c21595771a245fa8741650e4a389c8a29
outputs/audits/new_historical_gate_v0.1/real_ingest_01_freeze_manifest_v0.1.json,3566,aabf2a7e48d8d00ae6a8c491c44f5e38d4f63e387286b844de27f6ed3b3ce249
