run_id,condition_id,replicate_id,seed,dominant_stratum,rows,DAM_count,DAM_list,composition_sha256,historical_subset_sha256,DAM_HHI,effective_DAM,NANDINA_coverage,dominant_structure,historical_support_summary
H100_REEXECUTED_CHECK,H100,H100_REFERENCE,,,2950,28,"[""118-2026-10-002590-00"", ""118-2026-10-002710-00"", ""118-2026-10-006732-00"", ""118-2026-10-007407-00"", ""118-2026-10-008011-00"", ""118-2026-10-010497-00"", ""118-2026-10-011206-00"", ""118-2026-10-016902-00"", ""118-2026-10-032318-00"", ""118-2026-10-032394-00"", ""118-2026-10-032668-00"", ""118-2026-10-046174-00"", ""118-2026-10-047354-00"", ""118-2026-10-048311-00"", ""118-2026-10-050585-00"", ""118-2026-10-069870-00"", ""118-2026-10-073097-00"", ""118-2026-10-087382-00"", ""118-2026-10-090864-00"", ""118-2026-10-096423-00"", ""118-2026-10-106393-00"", ""118-2026-10-113456-00"", ""118-2026-10-115368-00"", ""118-2026-10-116515-00"", ""118-2026-10-117220-00"", ""118-2026-10-119237-00"", ""118-2026-10-128583-00"", ""118-2026-10-146957-00""]",4ad3ebebd91cf67ef27edb136d0b3f059eeb3210692e5ccab1ff2ab18dbd37eb,46f4d2af67505fdc308ee6a1a8de1048fe17ee146aa6d97342cdc32f675eb13c,0.23613513358230395,4.234863253211975,1.0,H100_ALL_DAMS,"{""code_count_by_independent_dam_support"": {""1"": 22, ""10"": 1, ""11"": 1, ""13"": 1, ""2"": 8, ""3"": 13, ""4"": 8, ""5"": 5, ""6"": 2, ""8"": 3, ""9"": 2}, ""maximum_dams_per_nandina"": 13, ""mean_dams_per_nandina"": 3.3636363636363638, ""minimum_dams_per_nandina"": 1, ""supported_codes"": 66}"
H25-R01,H25,H25-R01,20261001,,727,19,"[""118-2026-10-011206-00"", ""118-2026-10-047354-00"", ""118-2026-10-046174-00"", ""118-2026-10-119237-00"", ""118-2026-10-032394-00"", ""118-2026-10-096423-00"", ""118-2026-10-032668-00"", ""118-2026-10-002590-00"", ""118-2026-10-008011-00"", ""118-2026-10-116515-00"", ""118-2026-10-032318-00"", ""118-2026-10-050585-00"", ""118-2026-10-069870-00"", ""118-2026-10-073097-00"", ""118-2026-10-113456-00"", ""118-2026-10-048311-00"", ""118-2026-10-002710-00"", ""118-2026-10-016902-00"", ""118-2026-10-115368-00""]",531bec2c44e093adeb68e2c18c47b7ec8aa57c0203b0bacf2554aba8cf3c389f,b31fa6056d6ea43ef994d95df54e582820b20892337881af3871715aebef22c3,0.10252795967676326,9.753437044418607,0.7878787878787878,H100_ALL_DAMS,"{""code_count_by_independent_dam_support"": {""1"": 26, ""2"": 10, ""3"": 6, ""4"": 3, ""5"": 3, ""6"": 3, ""8"": 1}, ""maximum_dams_per_nandina"": 8, ""mean_dams_per_nandina"": 2.25, ""minimum_dams_per_nandina"": 1, ""supported_codes"": 52}"
H25-R02,H25,H25-R02,20261002,,738,14,"[""118-2026-10-032394-00"", ""118-2026-10-119237-00"", ""118-2026-10-090864-00"", ""118-2026-10-010497-00"", ""118-2026-10-002710-00"", ""118-2026-10-047354-00"", ""118-2026-10-106393-00"", ""118-2026-10-117220-00"", ""118-2026-10-096423-00"", ""118-2026-10-116515-00"", ""118-2026-10-046174-00"", ""118-2026-10-008011-00"", ""118-2026-10-115368-00"", ""118-2026-10-032668-00""]",823e63068185d445ac2716bdafa5bbc9e9c1ce1f31c20228c7f05f084d3396a4,86d0ea26886983a4e2ed392b000857e21c746d795f8fca50118fc0ef7899d3fc,0.12581429337328603,7.948222520576732,0.7121212121212122,H100_ALL_DAMS,"{""code_count_by_independent_dam_support"": {""1"": 24, ""2"": 12, ""3"": 4, ""4"": 4, ""5"": 1, ""6"": 1, ""7"": 1}, ""maximum_dams_per_nandina"": 7, ""mean_dams_per_nandina"": 2.0, ""minimum_dams_per_nandina"": 1, ""supported_codes"": 47}"
H25-R03,H25,H25-R03,20261003,,743,21,"[""118-2026-10-008011-00"", ""118-2026-10-011206-00"", ""118-2026-10-046174-00"", ""118-2026-10-010497-00"", ""118-2026-10-032668-00"", ""118-2026-10-002710-00"", ""118-2026-10-073097-00"", ""118-2026-10-113456-00"", ""118-2026-10-090864-00"", ""118-2026-10-116515-00"", ""118-2026-10-006732-00"", ""118-2026-10-117220-00"", ""118-2026-10-032394-00"", ""118-2026-10-050585-00"", ""118-2026-10-069870-00"", ""118-2026-10-087382-00"", ""118-2026-10-047354-00"", ""118-2026-10-119237-00"", ""118-2026-10-048311-00"", ""118-2026-10-115368-00"", ""118-2026-10-002590-00""]",c8f4d394060e2584c359e0f0638e62d3ba3b84cda81219ce1c9c5e61634f62c1,97bd72bdb631d0fb4150b258194f140c1f03a26ffddc0eba9ba8f93301ea8fc7,0.0982756965414302,10.175455735166718,0.7727272727272727,H100_ALL_DAMS,"{""code_count_by_independent_dam_support"": {""1"": 23, ""2"": 12, ""3"": 5, ""4"": 3, ""5"": 5, ""6"": 1, ""7"": 1, ""8"": 1}, ""maximum_dams_per_nandina"": 8, ""mean_dams_per_nandina"": 2.3529411764705883, ""minimum_dams_per_nandina"": 1, ""supported_codes"": 51}"
H25-R04,H25,H25-R04,20261004,,739,18,"[""118-2026-10-090864-00"", ""118-2026-10-106393-00"", ""118-2026-10-008011-00"", ""118-2026-10-011206-00"", ""118-2026-10-069870-00"", ""118-2026-10-050585-00"", ""118-2026-10-032668-00"", ""118-2026-10-048311-00"", ""118-2026-10-002710-00"", ""118-2026-10-117220-00"", ""118-2026-10-113456-00"", ""118-2026-10-119237-00"", ""118-2026-10-032394-00"", ""118-2026-10-032318-00"", ""118-2026-10-046174-00"", ""118-2026-10-016902-00"", ""118-2026-10-047354-00"", ""118-2026-10-002590-00""]",5c8fe1a8528b54de920ef1b1ec108bbaa2c3d78066c7c8458b24a3554f6afba9,1e74545c18fda80d1f4959deab20a6f8cc00282403f8bb227b63011661f90304,0.12522316482977217,7.985742904353166,0.803030303030303,H100_ALL_DAMS,"{""code_count_by_independent_dam_support"": {""1"": 27, ""2"": 13, ""3"": 3, ""4"": 4, ""5"": 4, ""6"": 1, ""7"": 1}, ""maximum_dams_per_nandina"": 7, ""mean_dams_per_nandina"": 2.0943396226415096, ""minimum_dams_per_nandina"": 1, ""supported_codes"": 53}"
H25-R05,H25,H25-R05,20261005,,738,21,"[""118-2026-10-002710-00"", ""118-2026-10-046174-00"", ""118-2026-10-007407-00"", ""118-2026-10-119237-00"", ""118-2026-10-006732-00"", ""118-2026-10-032318-00"", ""118-2026-10-073097-00"", ""118-2026-10-032668-00"", ""118-2026-10-008011-00"", ""118-2026-10-069870-00"", ""118-2026-10-116515-00"", ""118-2026-10-087382-00"", ""118-2026-10-113456-00"", ""118-2026-10-016902-00"", ""118-2026-10-096423-00"", ""118-2026-10-032394-00"", ""118-2026-10-050585-00"", ""118-2026-10-011206-00"", ""118-2026-10-002590-00"", ""118-2026-10-047354-00"", ""118-2026-10-048311-00""]",42f67c3ca79e98c71c85b9ede88f246045b0ab3723ae5f8ea507d6d138f3dab2,af7fd5c211675e817cd56c7772312a6226331e82a5d7446dacd7d5f08dff837b,0.10086955883108964,9.913793731115078,0.8333333333333334,H100_ALL_DAMS,"{""code_count_by_independent_dam_support"": {""1"": 29, ""2"": 11, ""3"": 5, ""4"": 2, ""5"": 4, ""6"": 3, ""8"": 1}, ""maximum_dams_per_nandina"": 8, ""mean_dams_per_nandina"": 2.1818181818181817, ""minimum_dams_per_nandina"": 1, ""supported_codes"": 55}"
H25-R06,H25,H25-R06,20261006,,747,22,"[""118-2026-10-115368-00"", ""118-2026-10-117220-00"", ""118-2026-10-087382-00"", ""118-2026-10-106393-00"", ""118-2026-10-006732-00"", ""118-2026-10-047354-00"", ""118-2026-10-032668-00"", ""118-2026-10-113456-00"", ""118-2026-10-011206-00"", ""118-2026-10-010497-00"", ""118-2026-10-032394-00"", ""118-2026-10-096423-00"", ""118-2026-10-007407-00"", ""118-2026-10-048311-00"", ""118-2026-10-119237-00"", ""118-2026-10-116515-00"", ""118-2026-10-002590-00"", ""118-2026-10-032318-00"", ""118-2026-10-050585-00"", ""118-2026-10-090864-00"", ""118-2026-10-073097-00"", ""118-2026-10-008011-00""]",9ababddfc684b8e50bbf63e6116f433c3763fc226cb7aa63ed2345f2fee90339,7cf1acce3d7591bff8bd79f90c0d789a55433d7d0c4099c1095a76117b84a660,0.09141608827097773,10.938993550410693,0.8939393939393939,H100_ALL_DAMS,"{""code_count_by_independent_dam_support"": {""1"": 27, ""11"": 1, ""2"": 12, ""3"": 8, ""4"": 3, ""5"": 2, ""6"": 3, ""7"": 2, ""9"": 1}, ""maximum_dams_per_nandina"": 11, ""mean_dams_per_nandina"": 2.5254237288135593, ""minimum_dams_per_nandina"": 1, ""supported_codes"": 59}"
H25-R07,H25,H25-R07,20261007,,735,19,"[""118-2026-10-073097-00"", ""118-2026-10-115368-00"", ""118-2026-10-048311-00"", ""118-2026-10-069870-00"", ""118-2026-10-096423-00"", ""118-2026-10-106393-00"", ""118-2026-10-050585-00"", ""118-2026-10-046174-00"", ""118-2026-10-087382-00"", ""118-2026-10-016902-00"", ""118-2026-10-119237-00"", ""118-2026-10-032318-00"", ""118-2026-10-010497-00"", ""118-2026-10-032668-00"", ""118-2026-10-011206-00"", ""118-2026-10-002710-00"", ""118-2026-10-117220-00"", ""118-2026-10-113456-00"", ""118-2026-10-047354-00""]",647d73743ce184272cfc3d07d18257f8cad2b3e56401ea01282981d8fe7919ff,5bc0d03741078bbb03d7b70e00d401a9f3efa109abb18abc3d3b83956e765e3c,0.1253792401314267,7.975802046269914,0.7424242424242424,H100_ALL_DAMS,"{""code_count_by_independent_dam_support"": {""1"": 28, ""2"": 8, ""3"": 6, ""4"": 2, ""5"": 2, ""6"": 2, ""8"": 1}, ""maximum_dams_per_nandina"": 8, ""mean_dams_per_nandina"": 2.0408163265306123, ""minimum_dams_per_nandina"": 1, ""supported_codes"": 49}"
H25-R08,H25,H25-R08,20261008,,735,14,"[""118-2026-10-050585-00"", ""118-2026-10-119237-00"", ""118-2026-10-115368-00"", ""118-2026-10-106393-00"", ""118-2026-10-008011-00"", ""118-2026-10-032394-00"", ""118-2026-10-046174-00"", ""118-2026-10-116515-00"", ""118-2026-10-006732-00"", ""118-2026-10-011206-00"", ""118-2026-10-117220-00"", ""118-2026-10-032668-00"", ""118-2026-10-096423-00"", ""118-2026-10-016902-00""]",9e13e1fc7ca7493496507ca26f25afa81deea6fef78aca8740623fea2353d9da,8fca7e67aa18cf33f6c738fdca6b3de04067e1616c1f01b332c9af28d636b368,0.12466842519320653,8.021277227575762,0.7878787878787878,H100_ALL_DAMS,"{""code_count_by_independent_dam_support"": {""1"": 27, ""2"": 13, ""3"": 3, ""4"": 2, ""5"": 4, ""6"": 1, ""7"": 1, ""9"": 1}, ""maximum_dams_per_nandina"": 9, ""mean_dams_per_nandina"": 2.1538461538461537, ""minimum_dams_per_nandina"": 1, ""supported_codes"": 52}"
H25-R09,H25,H25-R09,20261009,,753,22,"[""118-2026-10-008011-00"", ""118-2026-10-090864-00"", ""118-2026-10-006732-00"", ""118-2026-10-113456-00"", ""118-2026-10-115368-00"", ""118-2026-10-002710-00"", ""118-2026-10-117220-00"", ""118-2026-10-069870-00"", ""118-2026-10-096423-00"", ""118-2026-10-002590-00"", ""118-2026-10-116515-00"", ""118-2026-10-050585-00"", ""118-2026-10-047354-00"", ""118-2026-10-048311-00"", ""118-2026-10-011206-00"", ""118-2026-10-010497-00"", ""118-2026-10-032394-00"", ""118-2026-10-073097-00"", ""118-2026-10-046174-00"", ""118-2026-10-007407-00"", ""118-2026-10-032318-00"", ""118-2026-10-032668-00""]",2db354877f6ebeba0ed8d427d8dcd98542d9b8fe9a89f591426cb645d9caed8c,9cfeed017c9b1c13453302ddb3b4dcfc1a6b8343c4cf44b617283b304abab336,0.09420838117208015,10.614766834528336,0.803030303030303,H100_ALL_DAMS,"{""code_count_by_independent_dam_support"": {""1"": 24, ""2"": 13, ""3"": 5, ""4"": 3, ""5"": 3, ""6"": 2, ""7"": 2, ""9"": 1}, ""maximum_dams_per_nandina"": 9, ""mean_dams_per_nandina"": 2.3962264150943398, ""minimum_dams_per_nandina"": 1, ""supported_codes"": 53}"
H25-R10,H25,H25-R10,20261010,,767,21,"[""118-2026-10-116515-00"", ""118-2026-10-119237-00"", ""118-2026-10-002590-00"", ""118-2026-10-032318-00"", ""118-2026-10-008011-00"", ""118-2026-10-117220-00"", ""118-2026-10-050585-00"", ""118-2026-10-006732-00"", ""118-2026-10-047354-00"", ""118-2026-10-032668-00"", ""118-2026-10-010497-00"", ""118-2026-10-106393-00"", ""118-2026-10-002710-00"", ""118-2026-10-007407-00"", ""118-2026-10-090864-00"", ""118-2026-10-011206-00"", ""118-2026-10-069870-00"", ""118-2026-10-096423-00"", ""118-2026-10-032394-00"", ""118-2026-10-073097-00"", ""118-2026-10-113456-00""]",f11ab116b66061d8d50a19d94bfd2639e44295818d50664dad46b6fb7d31f74c,bc5a85489c651e1a94fbd1bc6a7eba0ee244f5617da0db8dedc8b252fd9c3295,0.09010027384499794,11.09874540137723,0.8787878787878788,H100_ALL_DAMS,"{""code_count_by_independent_dam_support"": {""1"": 25, ""10"": 1, ""2"": 14, ""3"": 8, ""4"": 2, ""5"": 4, ""6"": 2, ""7"": 1, ""8"": 1}, ""maximum_dams_per_nandina"": 10, ""mean_dams_per_nandina"": 2.4482758620689653, ""minimum_dams_per_nandina"": 1, ""supported_codes"": 58}"
H50-D1-R01,H50,H50-D1-R01,20261001,D1,1465,11,"[""118-2026-10-128583-00"", ""118-2026-10-032668-00"", ""118-2026-10-048311-00"", ""118-2026-10-116515-00"", ""118-2026-10-010497-00"", ""118-2026-10-032318-00"", ""118-2026-10-006732-00"", ""118-2026-10-011206-00"", ""118-2026-10-046174-00"", ""118-2026-10-002590-00"", ""118-2026-10-007407-00""]",941f4313581e1d7b9c63430d0fc70ae18a04374ead355524196d06ebe43e5d10,6458411fececb37f7cf9c82bd64595c5c2275610c6857d734aebce9d8a5fd41c,0.5259602325012521,1.9012844283766632,0.7272727272727273,D1,"{""code_count_by_independent_dam_support"": {""1"": 25, ""2"": 12, ""3"": 5, ""4"": 4, ""5"": 1, ""6"": 1}, ""maximum_dams_per_nandina"": 6, ""mean_dams_per_nandina"": 1.8958333333333333, ""minimum_dams_per_nandina"": 1, ""supported_codes"": 48}"
H50-D2-R01,H50,H50-D2-R01,20261001,D2,1510,17,"[""118-2026-10-146957-00"", ""118-2026-10-032318-00"", ""118-2026-10-119237-00"", ""118-2026-10-016902-00"", ""118-2026-10-116515-00"", ""118-2026-10-002710-00"", ""118-2026-10-090864-00"", ""118-2026-10-073097-00"", ""118-2026-10-048311-00"", ""118-2026-10-113456-00"", ""118-2026-10-047354-00"", ""118-2026-10-032394-00"", ""118-2026-10-050585-00"", ""118-2026-10-115368-00"", ""118-2026-10-007407-00"", ""118-2026-10-002590-00"", ""118-2026-10-046174-00""]",08fe37c80c9c61e233fb29bac68480dd1cb0095e6740b4e5e66ac05e7791d7ca,02c51c97b8e2a4902e8ed3b5cb01c644d3723acf172c45b3e54e415037a7ec4c,0.40807333011710006,2.450539954946435,0.7878787878787878,D2,"{""code_count_by_independent_dam_support"": {""1"": 23, ""2"": 12, ""3"": 5, ""4"": 5, ""5"": 2, ""6"": 3, ""7"": 2}, ""maximum_dams_per_nandina"": 7, ""mean_dams_per_nandina"": 2.3846153846153846, ""minimum_dams_per_nandina"": 1, ""supported_codes"": 52}"
H50-D1-R02,H50,H50-D1-R02,20261002,D1,1492,11,"[""118-2026-10-128583-00"", ""118-2026-10-073097-00"", ""118-2026-10-115368-00"", ""118-2026-10-010497-00"", ""118-2026-10-048311-00"", ""118-2026-10-106393-00"", ""118-2026-10-050585-00"", ""118-2026-10-046174-00"", ""118-2026-10-087382-00"", ""118-2026-10-016902-00"", ""118-2026-10-008011-00""]",b2f852ba015e32b15a8ad114873a0909a3536784a1c53e40c7f6f176785a5c9f,6a2b30d95fec26b40c49283ac40b0324841707c36dc77535927b97ce1ab9549c,0.5140786608111896,1.9452276008151197,0.803030303030303,D1,"{""code_count_by_independent_dam_support"": {""1"": 28, ""2"": 17, ""3"": 4, ""4"": 3, ""5"": 1}, ""maximum_dams_per_nandina"": 5, ""mean_dams_per_nandina"": 1.7169811320754718, ""minimum_dams_per_nandina"": 1, ""supported_codes"": 53}"
H50-D2-R02,H50,H50-D2-R02,20261002,D2,1472,19,"[""118-2026-10-146957-00"", ""118-2026-10-010497-00"", ""118-2026-10-113456-00"", ""118-2026-10-011206-00"", ""118-2026-10-016902-00"", ""118-2026-10-048311-00"", ""118-2026-10-032668-00"", ""118-2026-10-090864-00"", ""118-2026-10-069870-00"", ""118-2026-10-106393-00"", ""118-2026-10-032394-00"", ""118-2026-10-006732-00"", ""118-2026-10-007407-00"", ""118-2026-10-119237-00"", ""118-2026-10-096423-00"", ""118-2026-10-073097-00"", ""118-2026-10-087382-00"", ""118-2026-10-002590-00"", ""118-2026-10-047354-00""]",9d99ec3ae369e447325b8ffd89c98e04cc4c1876f182680a09f33407fbee9f3d,7548a33bc024b334fa1db3c0711e95b66279874236012a113081c8c249108d1d,0.4267993487121928,2.3430213823365937,0.803030303030303,D2,"{""code_count_by_independent_dam_support"": {""1"": 21, ""2"": 8, ""3"": 15, ""4"": 2, ""5"": 2, ""6"": 2, ""7"": 3}, ""maximum_dams_per_nandina"": 7, ""mean_dams_per_nandina"": 2.509433962264151, ""minimum_dams_per_nandina"": 1, ""supported_codes"": 53}"
H50-D1-R03,H50,H50-D1-R03,20261003,D1,1404,12,"[""118-2026-10-128583-00"", ""118-2026-10-116515-00"", ""118-2026-10-002710-00"", ""118-2026-10-011206-00"", ""118-2026-10-090864-00"", ""118-2026-10-010497-00"", ""118-2026-10-006732-00"", ""118-2026-10-073097-00"", ""118-2026-10-096423-00"", ""118-2026-10-119237-00"", ""118-2026-10-032318-00"", ""118-2026-10-032394-00""]",d461a0bfa2b1ca2d60064c0356d9b3d95ae93d2d8a22493f33cb7366501837f8,31f003350be9dbd08e8d25a3f5a4faec7a6065c70e284a579f4b7dbe5218313d,0.5629317132166135,1.7764143972027469,0.7424242424242424,D1,"{""code_count_by_independent_dam_support"": {""1"": 24, ""2"": 17, ""3"": 3, ""4"": 2, ""5"": 2, ""6"": 1}, ""maximum_dams_per_nandina"": 6, ""mean_dams_per_nandina"": 1.8571428571428572, ""minimum_dams_per_nandina"": 1, ""supported_codes"": 49}"
H50-D2-R03,H50,H50-D2-R03,20261003,D2,1532,15,"[""118-2026-10-146957-00"", ""118-2026-10-087382-00"", ""118-2026-10-010497-00"", ""118-2026-10-006732-00"", ""118-2026-10-050585-00"", ""118-2026-10-117220-00"", ""118-2026-10-047354-00"", ""118-2026-10-115368-00"", ""118-2026-10-046174-00"", ""118-2026-10-007407-00"", ""118-2026-10-096423-00"", ""118-2026-10-090864-00"", ""118-2026-10-032394-00"", ""118-2026-10-116515-00"", ""118-2026-10-106393-00""]",c2ecf753932f57876360bd8f4984350ee8a221597ebe0e411b33245e3b2f7bbf,4a277286baad08df58204427f1db35bd56358f830e0c54823627a7058f3cf39c,0.4017283163700072,2.489244494975957,0.8181818181818182,D2,"{""code_count_by_independent_dam_support"": {""1"": 25, ""2"": 12, ""3"": 7, ""4"": 3, ""5"": 1, ""6"": 4, ""7"": 1, ""8"": 1}, ""maximum_dams_per_nandina"": 8, ""mean_dams_per_nandina"": 2.3333333333333335, ""minimum_dams_per_nandina"": 1, ""supported_codes"": 54}"
H50-D1-R04,H50,H50-D1-R04,20261004,D1,1477,12,"[""118-2026-10-128583-00"", ""118-2026-10-002590-00"", ""118-2026-10-008011-00"", ""118-2026-10-073097-00"", ""118-2026-10-011206-00"", ""118-2026-10-116515-00"", ""118-2026-10-106393-00"", ""118-2026-10-115368-00"", ""118-2026-10-048311-00"", ""118-2026-10-090864-00"", ""118-2026-10-050585-00"", ""118-2026-10-032668-00""]",18705815c377a021082508b0e6691bad857cbeeb3cdf7e95f17e8fefd0b25396,f11d1f5dba97e6b1e84b62b116f7f083ac6093013341ce10a718e6e67bcddaa4,0.5168361273217088,1.9348492629222531,0.8484848484848485,D1,"{""code_count_by_independent_dam_support"": {""1"": 22, ""2"": 16, ""3"": 9, ""4"": 5, ""5"": 3, ""7"": 1}, ""maximum_dams_per_nandina"": 7, ""mean_dams_per_nandina"": 2.1964285714285716, ""minimum_dams_per_nandina"": 1, ""supported_codes"": 56}"
H50-D2-R04,H50,H50-D2-R04,20261004,D2,1450,16,"[""118-2026-10-146957-00"", ""118-2026-10-002590-00"", ""118-2026-10-008011-00"", ""118-2026-10-048311-00"", ""118-2026-10-002710-00"", ""118-2026-10-113456-00"", ""118-2026-10-119237-00"", ""118-2026-10-096423-00"", ""118-2026-10-115368-00"", ""118-2026-10-117220-00"", ""118-2026-10-090864-00"", ""118-2026-10-007407-00"", ""118-2026-10-016902-00"", ""118-2026-10-032668-00"", ""118-2026-10-116515-00"", ""118-2026-10-047354-00""]",7bc3010eeb1539f9011836eef926842e4e0ffb89e8f102ed35dcf7656129c73a,6ea65daf9d302f8aec0b85b5acf8a47af98c6976babecf8e835651a96380e3e1,0.4335724137931034,2.3064198002163265,0.8636363636363636,D2,"{""code_count_by_independent_dam_support"": {""1"": 26, ""2"": 14, ""3"": 7, ""4"": 4, ""5"": 2, ""6"": 2, ""8"": 2}, ""maximum_dams_per_nandina"": 8, ""mean_dams_per_nandina"": 2.263157894736842, ""minimum_dams_per_nandina"": 1, ""supported_codes"": 57}"
H50-D1-R05,H50,H50-D1-R05,20261005,D1,1471,8,"[""118-2026-10-128583-00"", ""118-2026-10-087382-00"", ""118-2026-10-046174-00"", ""118-2026-10-008011-00"", ""118-2026-10-032668-00"", ""118-2026-10-032394-00"", ""118-2026-10-106393-00"", ""118-2026-10-090864-00""]",5068ec7572aa0f893943327c927c3f15820e98bbc7b474f61110bc9c4a6ea3be,426c8d55ab2133a71d28e7a0c0afb3663d78f80513198dc473d922d068d48dc8,0.5288618710894193,1.8908528949914056,0.7272727272727273,D1,"{""code_count_by_independent_dam_support"": {""1"": 26, ""2"": 18, ""3"": 2, ""4"": 2}, ""maximum_dams_per_nandina"": 4, ""mean_dams_per_nandina"": 1.5833333333333333, ""minimum_dams_per_nandina"": 1, ""supported_codes"": 48}"
H50-D2-R05,H50,H50-D2-R05,20261005,D2,1409,16,"[""118-2026-10-146957-00"", ""118-2026-10-090864-00"", ""118-2026-10-032318-00"", ""118-2026-10-106393-00"", ""118-2026-10-010497-00"", ""118-2026-10-115368-00"", ""118-2026-10-032668-00"", ""118-2026-10-007407-00"", ""118-2026-10-087382-00"", ""118-2026-10-069870-00"", ""118-2026-10-016902-00"", ""118-2026-10-117220-00"", ""118-2026-10-116515-00"", ""118-2026-10-119237-00"", ""118-2026-10-032394-00"", ""118-2026-10-050585-00""]",f06009ef3842ea7a3be824c97ca8811a6493398304748b6590ba1a1c3d58cdc7,9cfafe2d021b8ba9c4ec18947f322a6564cbf95ba495fcd2d16f6b4c52e83774,0.4632628831888281,2.158601598117662,0.7727272727272727,D2,"{""code_count_by_independent_dam_support"": {""1"": 23, ""2"": 10, ""3"": 11, ""4"": 1, ""5"": 4, ""6"": 1, ""9"": 1}, ""maximum_dams_per_nandina"": 9, ""mean_dams_per_nandina"": 2.2549019607843137, ""minimum_dams_per_nandina"": 1, ""supported_codes"": 51}"
H75-R01,H75,H75-R01,20261001,,2180,10,"[""118-2026-10-128583-00"", ""118-2026-10-146957-00"", ""118-2026-10-096423-00"", ""118-2026-10-006732-00"", ""118-2026-10-047354-00"", ""118-2026-10-048311-00"", ""118-2026-10-050585-00"", ""118-2026-10-090864-00"", ""118-2026-10-008011-00"", ""118-2026-10-032318-00""]",6d8f096172e5c434db7f51e2aca88c06cbe3b1f91d293accf59460a844b7605c,1cea6097af164258daf0609d18f865ec40affb673dccaa181b51d0d3f91e8f26,0.4174442387004461,2.395529527759491,0.8181818181818182,H100_ALL_DAMS,"{""code_count_by_independent_dam_support"": {""1"": 21, ""2"": 18, ""3"": 9, ""4"": 4, ""5"": 1, ""6"": 1}, ""maximum_dams_per_nandina"": 6, ""mean_dams_per_nandina"": 2.0555555555555554, ""minimum_dams_per_nandina"": 1, ""supported_codes"": 54}"
H75-R02,H75,H75-R02,20261002,,2186,8,"[""118-2026-10-128583-00"", ""118-2026-10-146957-00"", ""118-2026-10-047354-00"", ""118-2026-10-032668-00"", ""118-2026-10-116515-00"", ""118-2026-10-113456-00"", ""118-2026-10-016902-00"", ""118-2026-10-011206-00""]",e27ae5d5f0f229894622240351dc6d4ab5c8562dd051fe7f91af8a73195a6a27,39da5ad6e32e36ffb0ad3d96384bc943ac16f2baca7206401493b0614e7d616b,0.41601717324502846,2.403746922752666,0.7121212121212122,H100_ALL_DAMS,"{""code_count_by_independent_dam_support"": {""1"": 15, ""2"": 20, ""3"": 9, ""4"": 3}, ""maximum_dams_per_nandina"": 4, ""mean_dams_per_nandina"": 2.0, ""minimum_dams_per_nandina"": 1, ""supported_codes"": 47}"
H75-R03,H75,H75-R03,20261003,,2209,8,"[""118-2026-10-128583-00"", ""118-2026-10-146957-00"", ""118-2026-10-115368-00"", ""118-2026-10-007407-00"", ""118-2026-10-113456-00"", ""118-2026-10-119237-00"", ""118-2026-10-087382-00"", ""118-2026-10-096423-00""]",73af89afbc8b44e0cd7e9198ef5c6c1cb40b552ee86a74023a9011f5b9b40998,826aadfd1185937e66296017753af16e318538245ee312a84002200da82744a4,0.4075559447431092,2.453650873943994,0.696969696969697,H100_ALL_DAMS,"{""code_count_by_independent_dam_support"": {""1"": 17, ""2"": 13, ""3"": 7, ""4"": 4, ""5"": 4, ""6"": 1}, ""maximum_dams_per_nandina"": 6, ""mean_dams_per_nandina"": 2.3043478260869565, ""minimum_dams_per_nandina"": 1, ""supported_codes"": 46}"
H75-R04,H75,H75-R04,20261004,,2250,8,"[""118-2026-10-128583-00"", ""118-2026-10-146957-00"", ""118-2026-10-069870-00"", ""118-2026-10-032318-00"", ""118-2026-10-047354-00"", ""118-2026-10-117220-00"", ""118-2026-10-116515-00"", ""118-2026-10-046174-00""]",001378bc97e7775a801503d5e57b3199ad1cc7184e68da260768b71a6b5c77d4,1269b81748df0fdae363321a06e13ba36defb82ae4222010df755072a8616779,0.3962113580246914,2.5239054351836154,0.6666666666666666,H100_ALL_DAMS,"{""code_count_by_independent_dam_support"": {""1"": 14, ""2"": 20, ""3"": 4, ""4"": 5, ""5"": 1}, ""maximum_dams_per_nandina"": 5, ""mean_dams_per_nandina"": 2.0681818181818183, ""minimum_dams_per_nandina"": 1, ""supported_codes"": 44}"
H75-R05,H75,H75-R05,20261005,,2225,10,"[""118-2026-10-128583-00"", ""118-2026-10-146957-00"", ""118-2026-10-032668-00"", ""118-2026-10-050585-00"", ""118-2026-10-113456-00"", ""118-2026-10-048311-00"", ""118-2026-10-069870-00"", ""118-2026-10-117220-00"", ""118-2026-10-011206-00"", ""118-2026-10-116515-00""]",023f02afdcafb8fac1566aec4d784a8e56ed7543aa4d9c15e5eaed82bdb7c850,1a24d139df325109417eb0787aba5d543b6313dd9c8c1385c29795e319fb0bed,0.40171958086100246,2.4892986243207456,0.7878787878787878,H100_ALL_DAMS,"{""code_count_by_independent_dam_support"": {""1"": 19, ""2"": 18, ""3"": 7, ""4"": 6, ""5"": 1, ""6"": 1}, ""maximum_dams_per_nandina"": 6, ""mean_dams_per_nandina"": 2.1346153846153846, ""minimum_dams_per_nandina"": 1, ""supported_codes"": 52}"
H75-R06,H75,H75-R06,20261006,,2156,6,"[""118-2026-10-128583-00"", ""118-2026-10-146957-00"", ""118-2026-10-087382-00"", ""118-2026-10-115368-00"", ""118-2026-10-002710-00"", ""118-2026-10-113456-00""]",15b7619aa24b38961b6d6781b7bd689e7c447f6bc5368bd1fd97fbac711500a3,bded47151751d8239c7003b003990272015722e845facb6e5377793357270553,0.4272462231645905,2.3405707196029777,0.696969696969697,H100_ALL_DAMS,"{""code_count_by_independent_dam_support"": {""1"": 17, ""2"": 19, ""3"": 7, ""4"": 3}, ""maximum_dams_per_nandina"": 4, ""mean_dams_per_nandina"": 1.9130434782608696, ""minimum_dams_per_nandina"": 1, ""supported_codes"": 46}"
H75-R07,H75,H75-R07,20261007,,2219,14,"[""118-2026-10-128583-00"", ""118-2026-10-146957-00"", ""118-2026-10-032318-00"", ""118-2026-10-115368-00"", ""118-2026-10-087382-00"", ""118-2026-10-032394-00"", ""118-2026-10-069870-00"", ""118-2026-10-117220-00"", ""118-2026-10-096423-00"", ""118-2026-10-011206-00"", ""118-2026-10-090864-00"", ""118-2026-10-007407-00"", ""118-2026-10-008011-00"", ""118-2026-10-010497-00""]",79164d310530c3e00055859dd749a9b2abfc860fdc1bd9638723f97e45641481,f8c70aa11f3a684e0b69e912b30ab6d2b3e43ceed6bbd1bb39113bc7908ecf89,0.40290753724491324,2.48195902920559,0.8181818181818182,H100_ALL_DAMS,"{""code_count_by_independent_dam_support"": {""1"": 22, ""2"": 17, ""3"": 7, ""4"": 4, ""5"": 3, ""6"": 1}, ""maximum_dams_per_nandina"": 6, ""mean_dams_per_nandina"": 2.111111111111111, ""minimum_dams_per_nandina"": 1, ""supported_codes"": 54}"
H75-R08,H75,H75-R08,20261008,,2216,10,"[""118-2026-10-128583-00"", ""118-2026-10-146957-00"", ""118-2026-10-032394-00"", ""118-2026-10-115368-00"", ""118-2026-10-047354-00"", ""118-2026-10-007407-00"", ""118-2026-10-119237-00"", ""118-2026-10-096423-00"", ""118-2026-10-008011-00"", ""118-2026-10-011206-00""]",94aeddd08a19a010d76ad3e906d7a09201a133ff7123eccb1858a1c553b8d46c,94991394d80125325dd4f34235755f32dfaab2ce4b3aa66c8cab4c97f74c1523,0.4044885245474331,2.472258022941101,0.7878787878787878,H100_ALL_DAMS,"{""code_count_by_independent_dam_support"": {""1"": 23, ""2"": 12, ""3"": 8, ""4"": 6, ""5"": 3}, ""maximum_dams_per_nandina"": 5, ""mean_dams_per_nandina"": 2.1153846153846154, ""minimum_dams_per_nandina"": 1, ""supported_codes"": 52}"
H75-R09,H75,H75-R09,20261009,,2286,10,"[""118-2026-10-128583-00"", ""118-2026-10-146957-00"", ""118-2026-10-011206-00"", ""118-2026-10-008011-00"", ""118-2026-10-115368-00"", ""118-2026-10-047354-00"", ""118-2026-10-096423-00"", ""118-2026-10-087382-00"", ""118-2026-10-007407-00"", ""118-2026-10-106393-00""]",de3ed67a41096e43f089768cf2f91c80655360ad06c6436e69707beeee925da7,888c57ebbb1c7c6118aef066695dec328ec7fe40ab4797e093523c8be87057e1,0.3835633844107194,2.6071310261701117,0.803030303030303,H100_ALL_DAMS,"{""code_count_by_independent_dam_support"": {""1"": 21, ""2"": 11, ""3"": 12, ""4"": 5, ""5"": 4}, ""maximum_dams_per_nandina"": 5, ""mean_dams_per_nandina"": 2.2452830188679247, ""minimum_dams_per_nandina"": 1, ""supported_codes"": 53}"
H75-R10,H75,H75-R10,20261010,,2231,10,"[""118-2026-10-128583-00"", ""118-2026-10-146957-00"", ""118-2026-10-002590-00"", ""118-2026-10-011206-00"", ""118-2026-10-096423-00"", ""118-2026-10-032394-00"", ""118-2026-10-090864-00"", ""118-2026-10-016902-00"", ""118-2026-10-032668-00"", ""118-2026-10-113456-00""]",4546529fe6d925340323abcc79c6b8d085b07a3db013fe09b1b2b6ec7dc30d8d,5ff7e9e4563fe8637af28eb87fc1872eb6f9cfb160d1ac0d3b56c520b529eab3,0.3994460116515559,2.503467229189206,0.7424242424242424,H100_ALL_DAMS,"{""code_count_by_independent_dam_support"": {""1"": 14, ""2"": 16, ""3"": 7, ""4"": 7, ""5"": 5}, ""maximum_dams_per_nandina"": 5, ""mean_dams_per_nandina"": 2.4489795918367347, ""minimum_dams_per_nandina"": 1, ""supported_codes"": 49}"
